INSERT INTO CITIES VALUES (CITIES_SEQ.nextval, 'Istanbul', 'Turkey');    
INSERT INTO CITIES VALUES (CITIES_SEQ.nextval, 'Ankara', 'Turkey');    
INSERT INTO CITIES VALUES (CITIES_SEQ.nextval, 'Izmir', 'Turkey');    
INSERT INTO CITIES VALUES (CITIES_SEQ.nextval, 'Bursa', 'Turkey');    
INSERT INTO CITIES VALUES (CITIES_SEQ.nextval, 'Antalya', 'Turkey');    
INSERT INTO CITIES VALUES (CITIES_SEQ.nextval, 'Siena', 'Italy');    
INSERT INTO CITIES VALUES (CITIES_SEQ.nextval, 'Rome', 'Italy');    
INSERT INTO CITIES VALUES (CITIES_SEQ.nextval, 'Berlin', 'Germany');    
INSERT INTO CITIES VALUES (CITIES_SEQ.nextval, 'Bremen', 'Germany');    
INSERT INTO CITIES VALUES (CITIES_SEQ.nextval, 'Frankfurt', 'Germany');    
INSERT INTO CITIES VALUES (CITIES_SEQ.nextval, 'Hamburg', 'Germany');    
INSERT INTO CITIES VALUES (CITIES_SEQ.nextval, 'Barcelona', 'Spain');    
INSERT INTO CITIES VALUES (CITIES_SEQ.nextval, 'Paris', 'France');    
INSERT INTO CITIES VALUES (CITIES_SEQ.nextval, 'Lyon', 'France');    
INSERT INTO CITIES VALUES (CITIES_SEQ.nextval, 'Athens', 'Greece');    
INSERT INTO CITIES VALUES (CITIES_SEQ.nextval, 'Bucharest', 'Romania');    
INSERT INTO CITIES VALUES (CITIES_SEQ.nextval, 'Amsterdam', 'Netherlands');  


INSERT INTO AIRPORTS VALUES ('IST', 'Istanbul Ataturk', 'ACTIVE', 1);
INSERT INTO AIRPORTS VALUES ('SAW', 'Sabiha Gokcen', 'PASSIVE', 1);
INSERT INTO AIRPORTS VALUES ('ESB', 'Esenboga', 'ACTIVE', 2);
INSERT INTO AIRPORTS VALUES ('IGL', 'Izmir Cigli', 'ACTIVE', 3);
INSERT INTO AIRPORTS VALUES ('BTZ', 'Bursa', 'ACTIVE', 4);
INSERT INTO AIRPORTS VALUES ('AYT', 'Antalya Ataturk', 'ACTIVE', 5);
INSERT INTO AIRPORTS VALUES ('SAY', 'Siena Airport', 'ACTIVE', 6);
INSERT INTO AIRPORTS VALUES ('FCO', 'Rome', 'ACTIVE', 7);
INSERT INTO AIRPORTS VALUES ('CIA', 'Ciampino Airport', 'ACTIVE', 7);
INSERT INTO AIRPORTS VALUES ('SXF', 'Berlin Schonefeld', 'ACTIVE', 8);
INSERT INTO AIRPORTS VALUES ('TXL', 'Berlin Tegel', 'ACTIVE', 8);
INSERT INTO AIRPORTS VALUES ('THF', 'Berlin Tempelhof', 'ACTIVE', 8);
INSERT INTO AIRPORTS VALUES ('BRE', 'Bremen', 'ACTIVE', 9);
INSERT INTO AIRPORTS VALUES ('FRA', 'Frankfurt', 'ACTIVE', 10);
INSERT INTO AIRPORTS VALUES ('HHN', 'Hahn Airport', 'ACTIVE', 10);
INSERT INTO AIRPORTS VALUES ('HAM', 'Hamburg', 'ACTIVE', 11);
INSERT INTO AIRPORTS VALUES ('LBC', 'Luebeck Airport', 'ACTIVE', 11);
INSERT INTO AIRPORTS VALUES ('BCN', 'Barcelona', 'ACTIVE', 12);
INSERT INTO AIRPORTS VALUES ('BLA', 'Gen J A Anzoategui Airport', 'ACTIVE', 12);
INSERT INTO AIRPORTS VALUES ('BVA', 'Beauvais-tille', 'ACTIVE', 13);
INSERT INTO AIRPORTS VALUES ('CDG', 'Paris CDG', 'ACTIVE', 13);
INSERT INTO AIRPORTS VALUES ('PAR', 'Paris De Gaulle', 'ACTIVE', 13);
INSERT INTO AIRPORTS VALUES ('ORY', 'Paris Orly', 'ACTIVE', 13);
INSERT INTO AIRPORTS VALUES ('POX', 'Paris Cergy Pontoise Airport', 'ACTIVE', 13);
INSERT INTO AIRPORTS VALUES ('LYN', 'Bron Airport', 'ACTIVE', 14);
INSERT INTO AIRPORTS VALUES ('LYS', 'Lyon', 'ACTIVE', 14);
INSERT INTO AIRPORTS VALUES ('ATH', 'Athens', 'ACTIVE', 15);
INSERT INTO AIRPORTS VALUES ('BBU', 'Baneasa Airport', 'PASSIVE', 16);
INSERT INTO AIRPORTS VALUES ('OTP', 'Bucharest', 'ACTIVE', 16);
INSERT INTO AIRPORTS VALUES ('AMS', 'Amsterdam Schiphol', 'ACTIVE', 17);


INSERT INTO PILOTS VALUES (PILOTS_SEQ.nextval, 'Mehmet Ucar', '00903122101001','Bilkent');
INSERT INTO PILOTS VALUES (PILOTS_SEQ.nextval, 'Payidar Genc', '00903122303030','Kizilay');
INSERT INTO PILOTS VALUES (PILOTS_SEQ.nextval, 'Hasan Ucak', '00902123121101','Erenkoy');
INSERT INTO PILOTS VALUES (PILOTS_SEQ.nextval, 'Raghu Ramakrishnan', '00555555484','India');
INSERT INTO PILOTS VALUES (PILOTS_SEQ.nextval, 'Tom White', '000121212112','Redmond WA');
INSERT INTO PILOTS VALUES (PILOTS_SEQ.nextval, 'Shungven Aguilear', '00012123324','Michigan');
INSERT INTO PILOTS VALUES (PILOTS_SEQ.nextval, 'Metin Ay', '00903125555555','Odtukent');
INSERT INTO PILOTS VALUES (PILOTS_SEQ.nextval, 'Ayhan Uzay', '00903122135487','Cankaya');


INSERT INTO STAFF VALUES (STAFF_SEQ.nextval, 'Nilay Yesil', '00903122121221','Bilkent');
INSERT INTO STAFF VALUES (STAFF_SEQ.nextval, 'Gulay Mavi', '00902122121221','ODTU');
INSERT INTO STAFF VALUES (STAFF_SEQ.nextval, 'Tulay Sari', '0090212121213','Taksim');
INSERT INTO STAFF VALUES (STAFF_SEQ.nextval, 'Ferda Gider', '00552166545221','Yesilkoy');
INSERT INTO STAFF VALUES (STAFF_SEQ.nextval, 'Tom Neale', '00012123232','Bahcesehir');
INSERT INTO STAFF VALUES (STAFF_SEQ.nextval, 'Fred Sun', '00015452121221','London');
INSERT INTO STAFF VALUES (STAFF_SEQ.nextval, 'Hasan Gol', '00902314121221','Merzifon');
INSERT INTO STAFF VALUES (STAFF_SEQ.nextval, 'Feray Akdeniz', '00903212121221','Devrek');


INSERT INTO AIRLINES VALUES ('Turkish Airlines');
INSERT INTO AIRLINES VALUES ('United Express');
INSERT INTO AIRLINES VALUES ('United Airlines');
INSERT INTO AIRLINES VALUES ('Trans Air');
INSERT INTO AIRLINES VALUES ('SkyWays');
INSERT INTO AIRLINES VALUES ('Shuttle America');
INSERT INTO AIRLINES VALUES ('Russian  International Airlines');
INSERT INTO AIRLINES VALUES ('Lufthansa');
INSERT INTO AIRLINES VALUES ('Lynx Air International');
INSERT INTO AIRLINES VALUES ('Istanbul Hava Yollari');
INSERT INTO AIRLINES VALUES ('British Airways');
INSERT INTO AIRLINES VALUES ('Delta Airlines');
INSERT INTO AIRLINES VALUES ('National Airlines');
INSERT INTO AIRLINES VALUES ('Air France');
INSERT INTO AIRLINES VALUES ('Trans States Airlines');
INSERT INTO AIRLINES VALUES ('Toronto International');


INSERT INTO PLANECAPACITY VALUES ('Airbus A320', 100, 50);
INSERT INTO PLANECAPACITY VALUES ('Airbus A340', 200, 100); 
INSERT INTO PLANECAPACITY VALUES ('Air France Concorde', 120, 60);
INSERT INTO PLANECAPACITY VALUES ('Vans RV4', 80, 20);
INSERT INTO PLANECAPACITY VALUES ('Twin Engine 10E Electra', 350, 50);
INSERT INTO PLANECAPACITY VALUES ('B-707-138B', 100, 300);
INSERT INTO PLANECAPACITY VALUES ('British Airways Concorde', 150, 150);

INSERT INTO PLANETYPE VALUES (PLANETYPE_SEQ.nextval, 'Airbus A320');
INSERT INTO PLANETYPE VALUES (PLANETYPE_SEQ.nextval, 'Airbus A320');
INSERT INTO PLANETYPE VALUES (PLANETYPE_SEQ.nextval, 'Airbus A320');
INSERT INTO PLANETYPE VALUES (PLANETYPE_SEQ.nextval, 'Airbus A320');
INSERT INTO PLANETYPE VALUES (PLANETYPE_SEQ.nextval, 'Airbus A340');
INSERT INTO PLANETYPE VALUES (PLANETYPE_SEQ.nextval, 'Airbus A340');
INSERT INTO PLANETYPE VALUES (PLANETYPE_SEQ.nextval, 'Airbus A340');
INSERT INTO PLANETYPE VALUES (PLANETYPE_SEQ.nextval, 'Airbus A340');
INSERT INTO PLANETYPE VALUES (PLANETYPE_SEQ.nextval, 'Air France Concorde');
INSERT INTO PLANETYPE VALUES (PLANETYPE_SEQ.nextval, 'Air France Concorde');
INSERT INTO PLANETYPE VALUES (PLANETYPE_SEQ.nextval, 'Air France Concorde');
INSERT INTO PLANETYPE VALUES (PLANETYPE_SEQ.nextval, 'Vans RV4');
INSERT INTO PLANETYPE VALUES (PLANETYPE_SEQ.nextval, 'Vans RV4');
INSERT INTO PLANETYPE VALUES (PLANETYPE_SEQ.nextval, 'Vans RV4');
INSERT INTO PLANETYPE VALUES (PLANETYPE_SEQ.nextval, 'Twin Engine 10E Electra');
INSERT INTO PLANETYPE VALUES (PLANETYPE_SEQ.nextval, 'Twin Engine 10E Electra');
INSERT INTO PLANETYPE VALUES (PLANETYPE_SEQ.nextval, 'B-707-138B');
INSERT INTO PLANETYPE VALUES (PLANETYPE_SEQ.nextval, 'B-707-138B');


INSERT INTO SEATS VALUES (1, 1, 'business');
INSERT INTO SEATS VALUES (2, 1, 'business');
INSERT INTO SEATS VALUES (3, 1, 'business');
INSERT INTO SEATS VALUES (4, 1, 'business');
INSERT INTO SEATS VALUES (5, 1, 'business');
INSERT INTO SEATS VALUES (6, 1, 'business');
INSERT INTO SEATS VALUES (7, 1, 'business');
INSERT INTO SEATS VALUES (8, 1, 'economy');
INSERT INTO SEATS VALUES (9, 1, 'economy');
INSERT INTO SEATS VALUES (10, 1, 'economy');
INSERT INTO SEATS VALUES (11, 1, 'economy');
INSERT INTO SEATS VALUES (12, 1, 'economy');

INSERT INTO SEATS VALUES (1, 2, 'economy');
INSERT INTO SEATS VALUES (2, 2, 'business');
INSERT INTO SEATS VALUES (3, 2, 'business');
INSERT INTO SEATS VALUES (4, 2, 'economy');
INSERT INTO SEATS VALUES (5, 2, 'business');
INSERT INTO SEATS VALUES (6, 2, 'business');
INSERT INTO SEATS VALUES (7, 2, 'business');
INSERT INTO SEATS VALUES (8, 2, 'economy');
INSERT INTO SEATS VALUES (9, 2, 'economy');
INSERT INTO SEATS VALUES (10, 2, 'economy');
INSERT INTO SEATS VALUES (11, 2, 'economy');
INSERT INTO SEATS VALUES (12, 2, 'economy');

INSERT INTO SEATS VALUES (1, 9, 'business');
INSERT INTO SEATS VALUES (2, 9, 'business');
INSERT INTO SEATS VALUES (3, 9, 'business');
INSERT INTO SEATS VALUES (4, 9, 'business');
INSERT INTO SEATS VALUES (5, 9, 'economy');
INSERT INTO SEATS VALUES (6, 9, 'economy');
INSERT INTO SEATS VALUES (7, 9, 'economy');
INSERT INTO SEATS VALUES (8, 9, 'economy');
INSERT INTO SEATS VALUES (9, 9, 'economy');
INSERT INTO SEATS VALUES (10, 9, 'economy');
INSERT INTO SEATS VALUES (11, 9, 'economy');
INSERT INTO SEATS VALUES (12, 9, 'economy');


INSERT INTO SEATS VALUES (1, 12, 'economy');
INSERT INTO SEATS VALUES (2, 12, 'economy');
INSERT INTO SEATS VALUES (3, 12, 'economy');
INSERT INTO SEATS VALUES (4, 12, 'economy');
INSERT INTO SEATS VALUES (5, 12, 'economy');
INSERT INTO SEATS VALUES (6, 12, 'economy');
INSERT INTO SEATS VALUES (7, 12, 'economy');
INSERT INTO SEATS VALUES (8, 12, 'economy');
INSERT INTO SEATS VALUES (9, 12, 'economy');
INSERT INTO SEATS VALUES (10, 12, 'economy');
INSERT INTO SEATS VALUES (11, 12, 'economy');
INSERT INTO SEATS VALUES (12, 12, 'economy');


INSERT INTO SEATS VALUES (1, 15, 'economy');
INSERT INTO SEATS VALUES (2, 15, 'economy');
INSERT INTO SEATS VALUES (3, 15, 'business');
INSERT INTO SEATS VALUES (4, 15, 'business');
INSERT INTO SEATS VALUES (5, 15, 'business');
INSERT INTO SEATS VALUES (6, 15, 'business');
INSERT INTO SEATS VALUES (7, 15, 'economy');
INSERT INTO SEATS VALUES (8, 15, 'economy');
INSERT INTO SEATS VALUES (9, 15, 'economy');
INSERT INTO SEATS VALUES (10, 15, 'economy');
INSERT INTO SEATS VALUES (11, 15, 'economy');
INSERT INTO SEATS VALUES (12, 15, 'economy');


INSERT INTO SEATS VALUES (1, 17, 'business');
INSERT INTO SEATS VALUES (2, 17, 'business');
INSERT INTO SEATS VALUES (3, 17, 'business');
INSERT INTO SEATS VALUES (4, 17, 'business');
INSERT INTO SEATS VALUES (5, 17, 'business');
INSERT INTO SEATS VALUES (6, 17, 'business');
INSERT INTO SEATS VALUES (7, 17, 'business');
INSERT INTO SEATS VALUES (8, 17, 'business');
INSERT INTO SEATS VALUES (9, 17, 'business');
INSERT INTO SEATS VALUES (10, 17, 'business');
INSERT INTO SEATS VALUES (11, 17, 'business');
INSERT INTO SEATS VALUES (12, 17, 'business');


INSERT INTO AIRLINEHASPLANE VALUES ('Turkish Airlines', 1);
INSERT INTO AIRLINEHASPLANE VALUES ('United Express', 2);
INSERT INTO AIRLINEHASPLANE VALUES ('United Airlines', 3);
INSERT INTO AIRLINEHASPLANE VALUES ('Trans Air', 4);
INSERT INTO AIRLINEHASPLANE VALUES ('SkyWays', 5);
INSERT INTO AIRLINEHASPLANE VALUES ('Lufthansa', 6);
INSERT INTO AIRLINEHASPLANE VALUES ('Turkish Airlines', 7);
INSERT INTO AIRLINEHASPLANE VALUES ('Lufthansa', 8);
INSERT INTO AIRLINEHASPLANE VALUES ('Turkish Airlines', 9);
INSERT INTO AIRLINEHASPLANE VALUES ('Istanbul Hava Yollari', 10);
INSERT INTO AIRLINEHASPLANE VALUES ('British Airways', 11);
INSERT INTO AIRLINEHASPLANE VALUES ('Delta Airlines', 12);
INSERT INTO AIRLINEHASPLANE VALUES ('Air France', 13);
INSERT INTO AIRLINEHASPLANE VALUES ('Toronto International', 14);
INSERT INTO AIRLINEHASPLANE VALUES ('Turkish Airlines', 15);
INSERT INTO AIRLINEHASPLANE VALUES ('National Airlines', 16);
INSERT INTO AIRLINEHASPLANE VALUES ('Air France', 17);
INSERT INTO AIRLINEHASPLANE VALUES ('British Airways', 18);


INSERT INTO FLIGHTS VALUES (FLIGHTS_SEQ.nextval, '10:00AM', '01-June-05', 50, 
	'ON TIME', 'IST', 'ESB', 'Turkish Airlines', 1);
INSERT INTO FLIGHTS VALUES (FLIGHTS_SEQ.nextval, '12:00AM', '01-June-05', 90, 
	'ON TIME', 'IST', 'AYT', 'Turkish Airlines', 9);
INSERT INTO FLIGHTS VALUES (FLIGHTS_SEQ.nextval, '12:00AM', '02-June-05', 70, 
	'ON TIME', 'IST', 'IGL', 'Turkish Airlines', 1);
INSERT INTO FLIGHTS VALUES (FLIGHTS_SEQ.nextval, '01:00PM', '02-June-05', 180,
	'ON TIME', 'HAM', 'ESB', 'Delta Airlines', 12);
INSERT INTO FLIGHTS VALUES (FLIGHTS_SEQ.nextval, '11:00AM', '03-June-05', 300, 
	'ON TIME', 'IST', 'PAR', 'Turkish Airlines', 15);
INSERT INTO FLIGHTS VALUES (FLIGHTS_SEQ.nextval, '06:00AM', '04-June-05', 360, 
	'ON TIME', 'PAR', 'AYT', 'Air France', 17);
INSERT INTO FLIGHTS VALUES (FLIGHTS_SEQ.nextval, '10:00PM', '05-June-05', 200, 
	'ON TIME', 'AMS', 'IST', 'Delta Airlines', 12);
INSERT INTO FLIGHTS VALUES (FLIGHTS_SEQ.nextval, '07:00AM', '06-June-05', 60, 
	'ON TIME', 'ESB', 'IST', 'Turkish Airlines', 15);
INSERT INTO FLIGHTS VALUES (FLIGHTS_SEQ.nextval, '06:00AM', '07-June-05', 250, 
	'ON TIME', 'PAR', 'AYT', 'Air France', 17);


INSERT INTO FLIGHTPILOT VALUES (1, 1);
INSERT INTO FLIGHTPILOT VALUES (1, 2);
INSERT INTO FLIGHTPILOT VALUES (2, 3);
INSERT INTO FLIGHTPILOT VALUES (2, 4);
INSERT INTO FLIGHTPILOT VALUES (3, 5);
INSERT INTO FLIGHTPILOT VALUES (4, 6);
INSERT INTO FLIGHTPILOT VALUES (5, 7);
INSERT INTO FLIGHTPILOT VALUES (5, 8);
INSERT INTO FLIGHTPILOT VALUES (6, 1);
INSERT INTO FLIGHTPILOT VALUES (6, 2);
INSERT INTO FLIGHTPILOT VALUES (7, 1);
INSERT INTO FLIGHTPILOT VALUES (7, 2);
INSERT INTO FLIGHTPILOT VALUES (8, 3);
INSERT INTO FLIGHTPILOT VALUES (8, 4);
INSERT INTO FLIGHTPILOT VALUES (9, 5);
INSERT INTO FLIGHTPILOT VALUES (9, 7);


INSERT INTO FLIGHTSTAFF VALUES (1, 1);
INSERT INTO FLIGHTSTAFF VALUES (1, 2);
INSERT INTO FLIGHTSTAFF VALUES (2, 3);
INSERT INTO FLIGHTSTAFF VALUES (2, 4);
INSERT INTO FLIGHTSTAFF VALUES (3, 5);
INSERT INTO FLIGHTSTAFF VALUES (4, 6);
INSERT INTO FLIGHTSTAFF VALUES (5, 7);
INSERT INTO FLIGHTSTAFF VALUES (5, 8);
INSERT INTO FLIGHTSTAFF VALUES (6, 1);
INSERT INTO FLIGHTSTAFF VALUES (6, 2);
INSERT INTO FLIGHTSTAFF VALUES (7, 1);
INSERT INTO FLIGHTSTAFF VALUES (7, 2);
INSERT INTO FLIGHTSTAFF VALUES (8, 3);
INSERT INTO FLIGHTSTAFF VALUES (8, 4);
INSERT INTO FLIGHTSTAFF VALUES (9, 5);
INSERT INTO FLIGHTSTAFF VALUES (9, 7);



INSERT INTO CUSTOMERS VALUES (CUSTOMERS_SEQ.nextval, 'Emre Meric', 'Bahcesehir');
INSERT INTO CUSTOMERS VALUES (CUSTOMERS_SEQ.nextval, 'Kristin Scott Thomas', 'Esenkent');
INSERT INTO CUSTOMERS VALUES (CUSTOMERS_SEQ.nextval, 'Uma Thurman', 'Esenyurt');
INSERT INTO CUSTOMERS VALUES (CUSTOMERS_SEQ.nextval, 'Daryl Hannah', 'Avcilar');
INSERT INTO CUSTOMERS VALUES (CUSTOMERS_SEQ.nextval, 'David Carradine', 'Cihangir');
INSERT INTO CUSTOMERS VALUES (CUSTOMERS_SEQ.nextval, 'Michael Madsen', 'Kucukcekmece');
INSERT INTO CUSTOMERS VALUES (CUSTOMERS_SEQ.nextval, 'Julie Dreyfus', 'Cankurtaran');
INSERT INTO CUSTOMERS VALUES (CUSTOMERS_SEQ.nextval, 'Chiaki Kuriyama', 'Sirkeci');
INSERT INTO CUSTOMERS VALUES (CUSTOMERS_SEQ.nextval, 'Sonny Chiba', 'Bakirkoy');
INSERT INTO CUSTOMERS VALUES (CUSTOMERS_SEQ.nextval, 'Chia Hui Liu', 'Florya');
INSERT INTO CUSTOMERS VALUES (CUSTOMERS_SEQ.nextval, 'Michael Parks', 'Yesilyurt');
INSERT INTO CUSTOMERS VALUES (CUSTOMERS_SEQ.nextval, 'Michael Bowen', 'Yesilkoy');
INSERT INTO CUSTOMERS VALUES (CUSTOMERS_SEQ.nextval, 'Jun Kunimura', 'Topkapi');
INSERT INTO CUSTOMERS VALUES (CUSTOMERS_SEQ.nextval, 'Kenji Ohba', 'Eminonu');
INSERT INTO CUSTOMERS VALUES (CUSTOMERS_SEQ.nextval, 'Ralph Fiennes', 'Sirkeci');
INSERT INTO CUSTOMERS VALUES (CUSTOMERS_SEQ.nextval, 'Juliette Binoche', 'Laleli');
INSERT INTO CUSTOMERS VALUES (CUSTOMERS_SEQ.nextval, 'Willem Dafoe', 'Sultanahmet');
INSERT INTO CUSTOMERS VALUES (CUSTOMERS_SEQ.nextval, 'Colin Firth', 'Menekse');

INSERT INTO RESERVES VALUES (RESERVES_SEQ.nextval, 1, 1, '01-May-05', 380, 'PAID', 1);
INSERT INTO RESERVES VALUES (RESERVES_SEQ.nextval, 1, 1, '01-May-05', 380, 'PAID', 2);
INSERT INTO RESERVES VALUES (RESERVES_SEQ.nextval, 1, 1, '01-May-05', 380, 'PAID', 3);
INSERT INTO RESERVES VALUES (RESERVES_SEQ.nextval, 2, 1, '08-May-05', 400, 'PAID', 4);
INSERT INTO RESERVES VALUES (RESERVES_SEQ.nextval, 2, 1, '08-May-05', 400, 'PAID', 5);
INSERT INTO RESERVES VALUES (RESERVES_SEQ.nextval, 2, 1, '08-May-05', 400, 'PAID', 6);
INSERT INTO RESERVES VALUES (RESERVES_SEQ.nextval, 3, 1, '14-May-05', 420, 'PAID', 7);
INSERT INTO RESERVES VALUES (RESERVES_SEQ.nextval, 4, 1, '02-May-05', 200, 'PAID', 8);
INSERT INTO RESERVES VALUES (RESERVES_SEQ.nextval, 4, 1, '02-May-05', 200, 'PAID', 9);
INSERT INTO RESERVES VALUES (RESERVES_SEQ.nextval, 4, 1, '02-May-05', 200, 'PAID', 10);
INSERT INTO RESERVES VALUES (RESERVES_SEQ.nextval, 4, 1, '02-May-05', 100, 'PAID', 12);


INSERT INTO RESERVES VALUES (RESERVES_SEQ.nextval, 5, 2, '01-May-05', 350, 'PAID', 3);
INSERT INTO RESERVES VALUES (RESERVES_SEQ.nextval, 6, 2, '02-May-05', 180, 'PAID', 7);
INSERT INTO RESERVES VALUES (RESERVES_SEQ.nextval, 7, 2, '03-May-05', 180, 'PAID', 10);


INSERT INTO RESERVES VALUES (RESERVES_SEQ.nextval, 8, 3, '01-May-05', 380, 'PAID', 1);
INSERT INTO RESERVES VALUES (RESERVES_SEQ.nextval, 9, 3, '01-May-05', 380, 'PAID', 3);
INSERT INTO RESERVES VALUES (RESERVES_SEQ.nextval, 10, 3, '08-May-05', 400, 'PAID', 5);
INSERT INTO RESERVES VALUES (RESERVES_SEQ.nextval, 11, 3, '08-May-05', 400, 'PAID', 6);
INSERT INTO RESERVES VALUES (RESERVES_SEQ.nextval, 12, 3, '14-May-05', 420, 'PAID', 7);
INSERT INTO RESERVES VALUES (RESERVES_SEQ.nextval, 13, 3, '02-May-05', 200, 'PAID', 8);
INSERT INTO RESERVES VALUES (RESERVES_SEQ.nextval, 14, 3, '02-May-05', 200, 'PAID', 9);
INSERT INTO RESERVES VALUES (RESERVES_SEQ.nextval, 15, 3, '02-May-05', 200, 'PAID', 10);
INSERT INTO RESERVES VALUES (RESERVES_SEQ.nextval, 15, 3, '02-April-05', 100, 'PAID', 12);

INSERT INTO RESERVES VALUES (RESERVES_SEQ.nextval, 16, 4, '05-May-05', 180, 'PAID', 4);
INSERT INTO RESERVES VALUES (RESERVES_SEQ.nextval, 17, 5, '20-May-05', 680, 'PAID', 6);
INSERT INTO RESERVES VALUES (RESERVES_SEQ.nextval, 18, 6, '18-May-05', 330, 'PAID', 2);
INSERT INTO RESERVES VALUES (RESERVES_SEQ.nextval, 1, 7, '06-May-05', 280, 'PAID', 4);
INSERT INTO RESERVES VALUES (RESERVES_SEQ.nextval, 1, 7, '06-May-05', 280, 'PAID', 5);
INSERT INTO RESERVES VALUES (RESERVES_SEQ.nextval, 14, 8, '20-May-05', 80, 'PAID', 9);
INSERT INTO RESERVES VALUES (RESERVES_SEQ.nextval, 18, 9, '18-May-05', 330, 'PAID', 1);
INSERT INTO RESERVES VALUES (RESERVES_SEQ.nextval, 18, 9, '18-May-05', 330, 'PAID', 2);


INSERT INTO CUSTOMEREMAIL VALUES (1, 'emre.meric@ceng.metu.edu.tr');
INSERT INTO CUSTOMEREMAIL VALUES (1, 'emremeric@hotmail.com');
INSERT INTO CUSTOMEREMAIL VALUES (2, 'thomas@yahoo.com');
INSERT INTO CUSTOMEREMAIL VALUES (3, 'uma@thurman.com');
INSERT INTO CUSTOMEREMAIL VALUES (3, 'thurman@ceng.metu.edu.tr');
INSERT INTO CUSTOMEREMAIL VALUES (4, 'hannah@ceng.metu.edu.tr');
INSERT INTO CUSTOMEREMAIL VALUES (5, 'carradine@umich.edu.tr');
INSERT INTO CUSTOMEREMAIL VALUES (6, 'Madsen@metu.edu.tr');
INSERT INTO CUSTOMEREMAIL VALUES (7, 'JulieD@metu.edu.tr');
INSERT INTO CUSTOMEREMAIL VALUES (8, 'Chiaki@yahoo.com');
INSERT INTO CUSTOMEREMAIL VALUES (9, 'SonnyC@ceng.metu.edu.tr');
INSERT INTO CUSTOMEREMAIL VALUES (10, 'HuiLiu@yahoo.com');
INSERT INTO CUSTOMEREMAIL VALUES (11, 'MichaelParks@parks.com');
INSERT INTO CUSTOMEREMAIL VALUES (12, 'MichaelB@hotmail.com');
INSERT INTO CUSTOMEREMAIL VALUES (13, 'eunKuni@yahoo.com');
INSERT INTO CUSTOMEREMAIL VALUES (14, 'KenjiO@hotmail.com');
INSERT INTO CUSTOMEREMAIL VALUES (15, 'ealphFiennes@hotmail.com');
INSERT INTO CUSTOMEREMAIL VALUES (16, 'Juliette@yahoo.com');
INSERT INTO CUSTOMEREMAIL VALUES (17, 'Willem@hotmail.com');
INSERT INTO CUSTOMEREMAIL VALUES (18, 'Firth@yahoo.com');



INSERT INTO CUSTOMERPHONE VALUES (1, '00903122101001');
INSERT INTO CUSTOMERPHONE VALUES (1, '00903122303030');
INSERT INTO CUSTOMERPHONE VALUES (2, '00902123121101');
INSERT INTO CUSTOMERPHONE VALUES (3, '005555553484');
INSERT INTO CUSTOMERPHONE VALUES (3, '000121212112');
INSERT INTO CUSTOMERPHONE VALUES (4, '00012123324');
INSERT INTO CUSTOMERPHONE VALUES (5, '00903125555555');
INSERT INTO CUSTOMERPHONE VALUES (6, '00903122135487');
INSERT INTO CUSTOMERPHONE VALUES (7, '00903122121221');
INSERT INTO CUSTOMERPHONE VALUES (8, '00012123232');
INSERT INTO CUSTOMERPHONE VALUES (9, '0053245789654');
INSERT INTO CUSTOMERPHONE VALUES (10, '00905355456556');
INSERT INTO CUSTOMERPHONE VALUES (11, '00234122135487');
INSERT INTO CUSTOMERPHONE VALUES (12, '00015452121221');
INSERT INTO CUSTOMERPHONE VALUES (13, '00565478965485');
INSERT INTO CUSTOMERPHONE VALUES (14, '00545452121221');
INSERT INTO CUSTOMERPHONE VALUES (15, '00982153654798');
INSERT INTO CUSTOMERPHONE VALUES (16, '00654566545654');
INSERT INTO CUSTOMERPHONE VALUES (17, '00782123212332');
INSERT INTO CUSTOMERPHONE VALUES (18, '00903122335487');



INSERT INTO CUSTOMERFAX VALUES (15, '00213122101001');
INSERT INTO CUSTOMERFAX VALUES (15, '04353122303030');
INSERT INTO CUSTOMERFAX VALUES (15, '009033453121101');
INSERT INTO CUSTOMERFAX VALUES (14, '0055345553484');
INSERT INTO CUSTOMERFAX VALUES (14, '023421212112');
INSERT INTO CUSTOMERFAX VALUES (13, '003242343324');
INSERT INTO CUSTOMERFAX VALUES (12, '009023425525555');
INSERT INTO CUSTOMERFAX VALUES (11, '009031223435487');
INSERT INTO CUSTOMERFAX VALUES (10, '00903422121221');
INSERT INTO CUSTOMERFAX VALUES (9, '000121332');
INSERT INTO CUSTOMERFAX VALUES (8, '90532289654');
INSERT INTO CUSTOMERFAX VALUES (7, '00902456556');
INSERT INTO CUSTOMERFAX VALUES (6, '002344135487');
INSERT INTO CUSTOMERFAX VALUES (5, '00025452121221');
INSERT INTO CUSTOMERFAX VALUES (4, '005648965485');
INSERT INTO CUSTOMERFAX VALUES (3, '005452342121221');
INSERT INTO CUSTOMERFAX VALUES (3, '00382153654798');
INSERT INTO CUSTOMERFAX VALUES (2, '0023466545654');
INSERT INTO CUSTOMERFAX VALUES (1, '0078433212332');
INSERT INTO CUSTOMERFAX VALUES (1, '009023335487');

commit;




	


